category,sales,profit,quantity,orders,customers,profit_margin
Technology,3424238.0,627663.79392,24345.0,5937,3345,0.18330028284248934
Office Supplies,2948808.0,530452.3034,81806.0,14741,4643,0.17988702669010664
Furniture,2716553.0,366332.0584,22620.0,5502,3158,0.13485179873170153
