discount_band,sales,profit,quantity,orders,customers,profit_margin
No discount,6992734.0,1770695.2732,98768.0,15211,4681,0.25321930924299424
Low discount,666313.0,112067.84126,5239.0,1144,833,0.16819098720871423
Moderate discount,558996.0,50157.1614,5699.0,1133,900,0.08972722774402679
High discount,134651.0,-4839.58464,1548.0,344,303,-0.035941691038313864
Very high discount,543566.0,-190927.9505,12100.0,1938,1330,-0.35125072300327836
Extreme discount,193339.0,-212704.585,5417.0,1058,894,-1.1001638831275635
