market,sales,profit,quantity,orders,customers,profit_margin
EU,2365748.0,369797.421,32030.0,4118,794,0.15631310731320494
APAC,2296690.0,364302.5152,25511.0,3385,783,0.15862067375222605
US,1088020.0,320987.6032,18267.0,2644,759,0.295019947427437
LATAM,1751754.0,244023.05632,32232.0,4415,793,0.13930212593777436
Africa,758746.0,121687.875,9670.0,2048,744,0.1603802524164872
EMEA,761709.0,85832.295,10228.0,2200,744,0.11268383989161215
Canada,66932.0,17817.39,833.0,201,181,0.2662013685531584
