order_priority,sales,profit,quantity,orders,customers,profit_margin
Medium,4606874.0,951194.2453600001,65643.0,9950,4164,0.206472815483992
High,3165820.0,394077.1275,44790.0,6627,3537,0.12447869035510548
Critical,827165.0,116144.51258,11285.0,1689,1399,0.14041275027352462
Low,489740.0,63032.27028,7053.0,1049,915,0.1287055790419406
