segment,sales,profit,quantity,orders,customers,profit_margin
Consumer,4621460.0,784879.39426,65536.0,9800,2459,0.16983364440241827
Corporate,2751021.0,462536.88638,38358.0,5767,1438,0.16813280828463323
Home Office,1717118.0,277031.87508,24877.0,3773,901,0.1613353742025883
