ship_mode,sales,profit,quantity,orders,customers,profit_margin,shipping_cost,shipping_cost_ratio
Standard Class,4864044.0,980515.53684,69511.0,10533,4236,0.2015844299188083,416431.846,0.08561432544606916
Second Class,2164917.0,277918.56788,30002.0,4415,2818,0.12837377501308364,262780.957,0.12138153887654815
First Class,1514823.0,193803.2073,21621.0,3251,2339,0.12793785630400384,256933.36154,0.16961279406240862
Same Day,545815.0,72210.8437,7637.0,1137,996,0.1322991191154512,94792.886,0.1736721892949076
