order_year,sales,profit,quantity,orders,customers,profit_margin,sales_growth,profit_growth
2011,1601272.0,260348.36706,22586.0,3353,2428,0.16258847157759582,,
2012,1936255.0,316935.1747,27665.0,4086,2714,0.16368462557875899,0.2091980625402805,0.21735034591923896
2013,2466163.0,424159.1611,35024.0,5129,3137,0.17199153547433807,0.2736767626164942,0.3383151980574406
2014,3085909.0,523005.45286,43496.0,6432,3540,0.1694818132550247,0.2512996910585392,0.2330405678464078
